reservation_id,member_id,book_id,reservation_date
1,5,3,2022-05-05
2,10,7,2022-05-06
3,2,1,2022-05-07
4,7,5,2022-05-08
5,12,10,2022-05-09
6,3,2,2022-05-10
7,16,9,2022-05-11
8,10,6,2022-05-12
9,2,4,2022-05-13
10,7,8,2022-05-14
11,14,14,2022-05-15
12,1,12,2022-05-16
13,4,11,2022-05-17
14,6,3,2022-05-18
15,8,16,2022-05-19
16,2,18,2022-05-20
17,11,20,2022-05-21
18,13,13,2022-05-22
19,7,15,2022-05-23
20,5,19,2022-05-24
21,2,6,2022-05-25
22,7,2,2022-05-26
23,12,10,2022-05-27
24,3,9,2022-05-28
25,10,4,2022-05-29
26,16,7,2022-05-30
27,10,3,2022-05-31
28,2,8,2022-06-01
29,7,11,2022-06-02
30,14,1,2022-06-03
